"caseid","locationid","locationname","time","coastlength","length_protected","ssp","pfl","dr","slr","seadikecost_factor","migr","migrcost","migrlevel","migration_submergence_cummulative","migrationcost_submergence_cummulative","landloss_submergence_cummulative","par_cummulative","totalpop","migration_submergence_cummulative_relative","seafloodcost_cummulative","protectioncost_cummulative","migration_submergence_cummulative_mean","migration_submergence_cummulative_min","migration_submergence_cummulative_max","migration_submergence_cummulative_relative_mean","migration_submergence_cummulative_relative_min","migration_submergence_cummulative_relative_max","landloss_submergence_cummulative_mean","landloss_submergence_cummulative_min","landloss_submergence_cummulative_max","par_cummulative_mean","par_cummulative_min","par_cummulative_max","migrationcost_submergence_cummulative_mean","migrationcost_submergence_cummulative_min","migrationcost_submergence_cummulative_max","seafloodcost_cummulative_mean","seafloodcost_cummulative_min","seafloodcost_cummulative_max","protectioncost_cummulative_mean","protectioncost_cummulative_min","protectioncost_cummulative_max"
"robust_protection_migration_off+migrLevel_010_0+migrcost_3_0+plf_1_0+dikecost_1_0+rcp26_low+SSP1+DR00_0","GLOBAL_000","GLOBAL feature generated automatically",2100,691016.700090527,197156.110211038,"SSP1","Table protection levels","Discount rate 0.0","RCP 2.6 low","Usual seadike cost","No migration","Migrationcost 3.0","Migrationlevel  10.0",0,0,39348.620035,91513.5796,7090826.5,0,1846577.644,10083168.1,0,0,0,0,0,0,45878.3322298,38107.25787,54388.58887,328634.723522,68119.6988,784996.877,0,0,0,4492740.7211,1648378.543,11584071.7875,8323409.13462,6891687.7075,10986827.928
"robust_protection_migration_off+migrLevel_010_0+migrcost_3_0+plf_1_0+dikecost_1_0+rcp26_low+SSP1+DR01_5","GLOBAL_000","GLOBAL feature generated automatically",2100,691016.700090527,184488.504045167,"SSP1","Table protection levels","Discount rate 1.5","RCP 2.6 low","Usual seadike cost","No migration","Migrationcost 3.0","Migrationlevel  10.0",0,0,40891.93704,151657.8722,7090826.5,0,2898848.34,9111304.458,0,0,0,0,0,0,45878.3322298,38107.25787,54388.58887,328634.723522,68119.6988,784996.877,0,0,0,4492740.7211,1648378.543,11584071.7875,8323409.13462,6891687.7075,10986827.928
"robust_protection_migration_off+migrLevel_010_0+migrcost_3_0+plf_1_0+dikecost_1_0+rcp26_low+SSP1+DR03_0","GLOBAL_000","GLOBAL feature generated automatically",2100,691016.700090527,174586.765560576,"SSP1","Table protection levels","Discount rate 3.0","RCP 2.6 low","Usual seadike cost","No migration","Migrationcost 3.0","Migrationlevel  10.0",0,0,43107.560205,216211.6565,7090826.5,0,4226391.39,8400357.913,0,0,0,0,0,0,45878.3322298,38107.25787,54388.58887,328634.723522,68119.6988,784996.877,0,0,0,4492740.7211,1648378.543,11584071.7875,8323409.13462,6891687.7075,10986827.928
"robust_protection_migration_off+migrLevel_010_0+migrcost_3_0+plf_1_0+dikecost_1_0+rcp26_low+SSP1+DR04_5","GLOBAL_000","GLOBAL feature generated automatically",2100,691016.700090527,161975.608230652,"SSP1","Table protection levels","Discount rate 4.5","RCP 2.6 low","Usual seadike cost","No migration","Migrationcost 3.0","Migrationlevel  10.0",0,0,49104.71763,328781.218,7090826.5,0,6713342.035,7642414.023,0,0,0,0,0,0,45878.3322298,38107.25787,54388.58887,328634.723522,68119.6988,784996.877,0,0,0,4492740.7211,1648378.543,11584071.7875,8323409.13462,6891687.7075,10986827.928
"robust_protection_migration_off+migrLevel_010_0+migrcost_3_0+plf_1_0+dikecost_1_0+rcp26_low+SSP1+DR06_0","GLOBAL_000","GLOBAL feature generated automatically",2100,691016.700090527,154600.043896751,"SSP1","Table protection levels","Discount rate 6.0","RCP 2.6 low","Usual seadike cost","No migration","Migrationcost 3.0","Migrationlevel  10.0",0,0,52125.715475,399542.08,7090826.5,0,8348181.7475,7281632.455,0,0,0,0,0,0,45878.3322298,38107.25787,54388.58887,328634.723522,68119.6988,784996.877,0,0,0,4492740.7211,1648378.543,11584071.7875,8323409.13462,6891687.7075,10986827.928
"robust_protection_migration_off+migrLevel_010_0+migrcost_3_0+plf_1_0+dikecost_1_0+rcp26_low+SSP2+DR00_0","GLOBAL_000","GLOBAL feature generated automatically",2100,691016.700090527,194267.742340096,"SSP2","Table protection levels","Discount rate 0.0","RCP 2.6 low","Usual seadike cost","No migration","Migrationcost 3.0","Migrationlevel  10.0",0,0,39612.95075,135422.399,9225808,0,1840841.195,9719166.793,0,0,0,0,0,0,45878.3322298,38107.25787,54388.58887,328634.723522,68119.6988,784996.877,0,0,0,4492740.7211,1648378.543,11584071.7875,8323409.13462,6891687.7075,10986827.928
"robust_protection_migration_off+migrLevel_010_0+migrcost_3_0+plf_1_0+dikecost_1_0+rcp26_low+SSP2+DR01_5","GLOBAL_000","GLOBAL feature generated automatically",2100,691016.700090527,182420.060396769,"SSP2","Table protection levels","Discount rate 1.5","RCP 2.6 low","Usual seadike cost","No migration","Migrationcost 3.0","Migrationlevel  10.0",0,0,41177.640425,190158.833,9225808,0,2650398.235,8935281.438,0,0,0,0,0,0,45878.3322298,38107.25787,54388.58887,328634.723522,68119.6988,784996.877,0,0,0,4492740.7211,1648378.543,11584071.7875,8323409.13462,6891687.7075,10986827.928
"robust_protection_migration_off+migrLevel_010_0+migrcost_3_0+plf_1_0+dikecost_1_0+rcp26_low+SSP2+DR03_0","GLOBAL_000","GLOBAL feature generated automatically",2100,691016.700090527,170393.130168029,"SSP2","Table protection levels","Discount rate 3.0","RCP 2.6 low","Usual seadike cost","No migration","Migrationcost 3.0","Migrationlevel  10.0",0,0,45716.58875,293968.203,9225808,0,4231224.6165,8093317.793,0,0,0,0,0,0,45878.3322298,38107.25787,54388.58887,328634.723522,68119.6988,784996.877,0,0,0,4492740.7211,1648378.543,11584071.7875,8323409.13462,6891687.7075,10986827.928
"robust_protection_migration_off+migrLevel_010_0+migrcost_3_0+plf_1_0+dikecost_1_0+rcp26_low+SSP2+DR04_5","GLOBAL_000","GLOBAL feature generated automatically",2100,691016.700090527,159401.802397626,"SSP2","Table protection levels","Discount rate 4.5","RCP 2.6 low","Usual seadike cost","No migration","Migrationcost 3.0","Migrationlevel  10.0",0,0,50525.292835,408459.4385,9225808,0,6031126.55,7518987.873,0,0,0,0,0,0,45878.3322298,38107.25787,54388.58887,328634.723522,68119.6988,784996.877,0,0,0,4492740.7211,1648378.543,11584071.7875,8323409.13462,6891687.7075,10986827.928
"robust_protection_migration_off+migrLevel_010_0+migrcost_3_0+plf_1_0+dikecost_1_0+rcp26_low+SSP2+DR06_0","GLOBAL_000","GLOBAL feature generated automatically",2100,691016.700090527,150941.127680676,"SSP2","Table protection levels","Discount rate 6.0","RCP 2.6 low","Usual seadike cost","No migration","Migrationcost 3.0","Migrationlevel  10.0",0,0,52932.20311,553048.4875,9225808,0,8212850.68,7089632.9625,0,0,0,0,0,0,45878.3322298,38107.25787,54388.58887,328634.723522,68119.6988,784996.877,0,0,0,4492740.7211,1648378.543,11584071.7875,8323409.13462,6891687.7075,10986827.928
"robust_protection_migration_off+migrLevel_010_0+migrcost_3_0+plf_1_0+dikecost_1_0+rcp26_low+SSP3+DR00_0","GLOBAL_000","GLOBAL feature generated automatically",2100,691016.700090527,177885.33359892,"SSP3","Table protection levels","Discount rate 0.0","RCP 2.6 low","Usual seadike cost","No migration","Migrationcost 3.0","Migrationlevel  10.0",0,0,41530.60172,241074.84925,12808897,0,1648378.543,8818580.679,0,0,0,0,0,0,45878.3322298,38107.25787,54388.58887,328634.723522,68119.6988,784996.877,0,0,0,4492740.7211,1648378.543,11584071.7875,8323409.13462,6891687.7075,10986827.928
"robust_protection_migration_off+migrLevel_010_0+migrcost_3_0+plf_1_0+dikecost_1_0+rcp26_low+SSP3+DR01_5","GLOBAL_000","GLOBAL feature generated automatically",2100,691016.700090527,166937.443134704,"SSP3","Table protection levels","Discount rate 1.5","RCP 2.6 low","Usual seadike cost","No migration","Migrationcost 3.0","Migrationlevel  10.0",0,0,44497.858275,331252.14,12808897,0,2373063.045,8096490.451,0,0,0,0,0,0,45878.3322298,38107.25787,54388.58887,328634.723522,68119.6988,784996.877,0,0,0,4492740.7211,1648378.543,11584071.7875,8323409.13462,6891687.7075,10986827.928
"robust_protection_migration_off+migrLevel_010_0+migrcost_3_0+plf_1_0+dikecost_1_0+rcp26_low+SSP3+DR03_0","GLOBAL_000","GLOBAL feature generated automatically",2100,691016.700090527,158770.725838744,"SSP3","Table protection levels","Discount rate 3.0","RCP 2.6 low","Usual seadike cost","No migration","Migrationcost 3.0","Migrationlevel  10.0",0,0,47477.42697,472470.9185,12808897,0,3307598.66,7572068.451,0,0,0,0,0,0,45878.3322298,38107.25787,54388.58887,328634.723522,68119.6988,784996.877,0,0,0,4492740.7211,1648378.543,11584071.7875,8323409.13462,6891687.7075,10986827.928
"robust_protection_migration_off+migrLevel_010_0+migrcost_3_0+plf_1_0+dikecost_1_0+rcp26_low+SSP3+DR04_5","GLOBAL_000","GLOBAL feature generated automatically",2100,691016.700090527,151338.547381716,"SSP3","Table protection levels","Discount rate 4.5","RCP 2.6 low","Usual seadike cost","No migration","Migrationcost 3.0","Migrationlevel  10.0",0,0,51925.56637,639000.2935,12808897,0,4435799.02,7161175.0405,0,0,0,0,0,0,45878.3322298,38107.25787,54388.58887,328634.723522,68119.6988,784996.877,0,0,0,4492740.7211,1648378.543,11584071.7875,8323409.13462,6891687.7075,10986827.928
"robust_protection_migration_off+migrLevel_010_0+migrcost_3_0+plf_1_0+dikecost_1_0+rcp26_low+SSP3+DR06_0","GLOBAL_000","GLOBAL feature generated automatically",2100,691016.700090527,145914.476412671,"SSP3","Table protection levels","Discount rate 6.0","RCP 2.6 low","Usual seadike cost","No migration","Migrationcost 3.0","Migrationlevel  10.0",0,0,54388.58887,784996.877,12808897,0,5515386.895,6891687.7075,0,0,0,0,0,0,45878.3322298,38107.25787,54388.58887,328634.723522,68119.6988,784996.877,0,0,0,4492740.7211,1648378.543,11584071.7875,8323409.13462,6891687.7075,10986827.928
"robust_protection_migration_off+migrLevel_010_0+migrcost_3_0+plf_1_0+dikecost_1_0+rcp26_low+SSP4+DR00_0","GLOBAL_000","GLOBAL feature generated automatically",2100,691016.700090527,185777.427482584,"SSP4","Table protection levels","Discount rate 0.0","RCP 2.6 low","Usual seadike cost","No migration","Migrationcost 3.0","Migrationlevel  10.0",0,0,40890.21628,212439.6082,9472056,0,1658170.077,9171547.18,0,0,0,0,0,0,45878.3322298,38107.25787,54388.58887,328634.723522,68119.6988,784996.877,0,0,0,4492740.7211,1648378.543,11584071.7875,8323409.13462,6891687.7075,10986827.928
"robust_protection_migration_off+migrLevel_010_0+migrcost_3_0+plf_1_0+dikecost_1_0+rcp26_low+SSP4+DR01_5","GLOBAL_000","GLOBAL feature generated automatically",2100,691016.700090527,176515.307273724,"SSP4","Table protection levels","Discount rate 1.5","RCP 2.6 low","Usual seadike cost","No migration","Migrationcost 3.0","Migrationlevel  10.0",0,0,43183.033005,285007.4355,9472056,0,2302335.312,8547615.368,0,0,0,0,0,0,45878.3322298,38107.25787,54388.58887,328634.723522,68119.6988,784996.877,0,0,0,4492740.7211,1648378.543,11584071.7875,8323409.13462,6891687.7075,10986827.928
"robust_protection_migration_off+migrLevel_010_0+migrcost_3_0+plf_1_0+dikecost_1_0+rcp26_low+SSP4+DR03_0","GLOBAL_000","GLOBAL feature generated automatically",2100,691016.700090527,164667.776789942,"SSP4","Table protection levels","Discount rate 3.0","RCP 2.6 low","Usual seadike cost","No migration","Migrationcost 3.0","Migrationlevel  10.0",0,0,46225.983095,385862.9165,9472056,0,3359673.675,7877456.9335,0,0,0,0,0,0,45878.3322298,38107.25787,54388.58887,328634.723522,68119.6988,784996.877,0,0,0,4492740.7211,1648378.543,11584071.7875,8323409.13462,6891687.7075,10986827.928
"robust_protection_migration_off+migrLevel_010_0+migrcost_3_0+plf_1_0+dikecost_1_0+rcp26_low+SSP4+DR04_5","GLOBAL_000","GLOBAL feature generated automatically",2100,691016.700090527,157135.729177909,"SSP4","Table protection levels","Discount rate 4.5","RCP 2.6 low","Usual seadike cost","No migration","Migrationcost 3.0","Migrationlevel  10.0",0,0,50827.433885,492713.0985,9472056,0,4676363.675,7423753.6975,0,0,0,0,0,0,45878.3322298,38107.25787,54388.58887,328634.723522,68119.6988,784996.877,0,0,0,4492740.7211,1648378.543,11584071.7875,8323409.13462,6891687.7075,10986827.928
"robust_protection_migration_off+migrLevel_010_0+migrcost_3_0+plf_1_0+dikecost_1_0+rcp26_low+SSP4+DR06_0","GLOBAL_000","GLOBAL feature generated automatically",2100,691016.700090527,149315.299280303,"SSP4","Table protection levels","Discount rate 6.0","RCP 2.6 low","Usual seadike cost","No migration","Migrationcost 3.0","Migrationlevel  10.0",0,0,54080.543975,641173.5505,9472056,0,6384088.24,7006060.6175,0,0,0,0,0,0,45878.3322298,38107.25787,54388.58887,328634.723522,68119.6988,784996.877,0,0,0,4492740.7211,1648378.543,11584071.7875,8323409.13462,6891687.7075,10986827.928
"robust_protection_migration_off+migrLevel_010_0+migrcost_3_0+plf_1_0+dikecost_1_0+rcp26_low+SSP5+DR00_0","GLOBAL_000","GLOBAL feature generated automatically",2100,691016.700090527,212310.61043986,"SSP5","Table protection levels","Discount rate 0.0","RCP 2.6 low","Usual seadike cost","No migration","Migrationcost 3.0","Migrationlevel  10.0",0,0,38107.25787,68119.6988,7660461.5,0,1983829.077,10986827.928,0,0,0,0,0,0,45878.3322298,38107.25787,54388.58887,328634.723522,68119.6988,784996.877,0,0,0,4492740.7211,1648378.543,11584071.7875,8323409.13462,6891687.7075,10986827.928
"robust_protection_migration_off+migrLevel_010_0+migrcost_3_0+plf_1_0+dikecost_1_0+rcp26_low+SSP5+DR01_5","GLOBAL_000","GLOBAL feature generated automatically",2100,691016.700090527,197655.295443677,"SSP5","Table protection levels","Discount rate 1.5","RCP 2.6 low","Usual seadike cost","No migration","Migrationcost 3.0","Migrationlevel  10.0",0,0,39554.06085,110018.09915,7660461.5,0,3152907.255,9938819.225,0,0,0,0,0,0,45878.3322298,38107.25787,54388.58887,328634.723522,68119.6988,784996.877,0,0,0,4492740.7211,1648378.543,11584071.7875,8323409.13462,6891687.7075,10986827.928
"robust_protection_migration_off+migrLevel_010_0+migrcost_3_0+plf_1_0+dikecost_1_0+rcp26_low+SSP5+DR03_0","GLOBAL_000","GLOBAL feature generated automatically",2100,691016.700090527,185661.65913687,"SSP5","Table protection levels","Discount rate 3.0","RCP 2.6 low","Usual seadike cost","No migration","Migrationcost 3.0","Migrationlevel  10.0",0,0,41125.55944,165764.72085,7660461.5,0,4993751.933,8994612.4575,0,0,0,0,0,0,45878.3322298,38107.25787,54388.58887,328634.723522,68119.6988,784996.877,0,0,0,4492740.7211,1648378.543,11584071.7875,8323409.13462,6891687.7075,10986827.928
"robust_protection_migration_off+migrLevel_010_0+migrcost_3_0+plf_1_0+dikecost_1_0+rcp26_low+SSP5+DR04_5","GLOBAL_000","GLOBAL feature generated automatically",2100,691016.700090527,173716.387434074,"SSP5","Table protection levels","Discount rate 4.5","RCP 2.6 low","Usual seadike cost","No migration","Migrationcost 3.0","Migrationlevel  10.0",0,0,46922.90645,260111.3525,7660461.5,0,7943318.4,8173546.89,0,0,0,0,0,0,45878.3322298,38107.25787,54388.58887,328634.723522,68119.6988,784996.877,0,0,0,4492740.7211,1648378.543,11584071.7875,8323409.13462,6891687.7075,10986827.928
"robust_protection_migration_off+migrLevel_010_0+migrcost_3_0+plf_1_0+dikecost_1_0+rcp26_low+SSP5+DR06_0","GLOBAL_000","GLOBAL feature generated automatically",2100,691016.700090527,161538.473288195,"SSP5","Table protection levels","Discount rate 6.0","RCP 2.6 low","Usual seadike cost","No migration","Migrationcost 3.0","Migrationlevel  10.0",0,0,51678.042435,357098.762,7660461.5,0,11584071.7875,7549721.931,0,0,0,0,0,0,45878.3322298,38107.25787,54388.58887,328634.723522,68119.6988,784996.877,0,0,0,4492740.7211,1648378.543,11584071.7875,8323409.13462,6891687.7075,10986827.928
"robust_protection_migration_off+migrLevel_010_0+migrcost_3_0+plf_1_0+dikecost_1_0+rcp26_hig+SSP1+DR00_0","GLOBAL_000","GLOBAL feature generated automatically",2100,691016.700090527,212591.647382163,"SSP1","Table protection levels","Discount rate 0.0","RCP 2.6 hig","Usual seadike cost","No migration","Migrationcost 3.0","Migrationlevel  10.0",0,0,82166.5838,85586.12025,7090826.5,0,2345326.2495,12133381.3,0,0,0,0,0,0,93046.18959674,76988.22595,107508.42705,338613.991862,66358.7954,833340.3725,0,0,0,6115814.24054,2163165.9015,16187017.775,9777343.3876,7817411.0725,13369088.895
"robust_protection_migration_off+migrLevel_010_0+migrcost_3_0+plf_1_0+dikecost_1_0+rcp26_hig+SSP1+DR01_5","GLOBAL_000","GLOBAL feature generated automatically",2100,691016.700090527,196709.672435903,"SSP1","Table protection levels","Discount rate 1.5","RCP 2.6 hig","Usual seadike cost","No migration","Migrationcost 3.0","Migrationlevel  10.0",0,0,85854.18761,138634.3373,7090826.5,0,3619945.5745,10996115.78,0,0,0,0,0,0,93046.18959674,76988.22595,107508.42705,338613.991862,66358.7954,833340.3725,0,0,0,6115814.24054,2163165.9015,16187017.775,9777343.3876,7817411.0725,13369088.895
"robust_protection_migration_off+migrLevel_010_0+migrcost_3_0+plf_1_0+dikecost_1_0+rcp26_hig+SSP1+DR03_0","GLOBAL_000","GLOBAL feature generated automatically",2100,691016.700090527,180300.806359404,"SSP1","Table protection levels","Discount rate 3.0","RCP 2.6 hig","Usual seadike cost","No migration","Migrationcost 3.0","Migrationlevel  10.0",0,0,89450.835675,222548.796,7090826.5,0,5951914.6015,9766892.2575,0,0,0,0,0,0,93046.18959674,76988.22595,107508.42705,338613.991862,66358.7954,833340.3725,0,0,0,6115814.24054,2163165.9015,16187017.775,9777343.3876,7817411.0725,13369088.895
"robust_protection_migration_off+migrLevel_010_0+migrcost_3_0+plf_1_0+dikecost_1_0+rcp26_hig+SSP1+DR04_5","GLOBAL_000","GLOBAL feature generated automatically",2100,691016.700090527,169383.111571618,"SSP1","Table protection levels","Discount rate 4.5","RCP 2.6 hig","Usual seadike cost","No migration","Migrationcost 3.0","Migrationlevel  10.0",0,0,98258.216815,339050.113,7090826.5,0,9046754.37,8929951.14,0,0,0,0,0,0,93046.18959674,76988.22595,107508.42705,338613.991862,66358.7954,833340.3725,0,0,0,6115814.24054,2163165.9015,16187017.775,9777343.3876,7817411.0725,13369088.895
"robust_protection_migration_off+migrLevel_010_0+migrcost_3_0+plf_1_0+dikecost_1_0+rcp26_hig+SSP1+DR06_0","GLOBAL_000","GLOBAL feature generated automatically",2100,691016.700090527,158906.359106638,"SSP1","Table protection levels","Discount rate 6.0","RCP 2.6 hig","Usual seadike cost","No migration","Migrationcost 3.0","Migrationlevel  10.0",0,0,103453.3029,442508.0775,7090826.5,0,12290767.985,8355672.15,0,0,0,0,0,0,93046.18959674,76988.22595,107508.42705,338613.991862,66358.7954,833340.3725,0,0,0,6115814.24054,2163165.9015,16187017.775,9777343.3876,7817411.0725,13369088.895
"robust_protection_migration_off+migrLevel_010_0+migrcost_3_0+plf_1_0+dikecost_1_0+rcp26_hig+SSP2+DR00_0","GLOBAL_000","GLOBAL feature generated automatically",2100,691016.700090527,209412.93418529,"SSP2","Table protection levels","Discount rate 0.0","RCP 2.6 hig","Usual seadike cost","No migration","Migrationcost 3.0","Migrationlevel  10.0",0,0,83014.5974,118534.5583,9225808,0,2246130.918,11842023.715,0,0,0,0,0,0,93046.18959674,76988.22595,107508.42705,338613.991862,66358.7954,833340.3725,0,0,0,6115814.24054,2163165.9015,16187017.775,9777343.3876,7817411.0725,13369088.895
"robust_protection_migration_off+migrLevel_010_0+migrcost_3_0+plf_1_0+dikecost_1_0+rcp26_hig+SSP2+DR01_5","GLOBAL_000","GLOBAL feature generated automatically",2100,691016.700090527,191610.697942817,"SSP2","Table protection levels","Discount rate 1.5","RCP 2.6 hig","Usual seadike cost","No migration","Migrationcost 3.0","Migrationlevel  10.0",0,0,86764.49379,203120.1185,9225808,0,3698550.731,10501177.015,0,0,0,0,0,0,93046.18959674,76988.22595,107508.42705,338613.991862,66358.7954,833340.3725,0,0,0,6115814.24054,2163165.9015,16187017.775,9777343.3876,7817411.0725,13369088.895
"robust_protection_migration_off+migrLevel_010_0+migrcost_3_0+plf_1_0+dikecost_1_0+rcp26_hig+SSP2+DR03_0","GLOBAL_000","GLOBAL feature generated automatically",2100,691016.700090527,175588.721760982,"SSP2","Table protection levels","Discount rate 3.0","RCP 2.6 hig","Usual seadike cost","No migration","Migrationcost 3.0","Migrationlevel  10.0",0,0,90697.389905,287606.1515,9225808,0,5548912.673,9498988.06,0,0,0,0,0,0,93046.18959674,76988.22595,107508.42705,338613.991862,66358.7954,833340.3725,0,0,0,6115814.24054,2163165.9015,16187017.775,9777343.3876,7817411.0725,13369088.895
"robust_protection_migration_off+migrLevel_010_0+migrcost_3_0+plf_1_0+dikecost_1_0+rcp26_hig+SSP2+DR04_5","GLOBAL_000","GLOBAL feature generated automatically",2100,691016.700090527,164536.837632724,"SSP2","Table protection levels","Discount rate 4.5","RCP 2.6 hig","Usual seadike cost","No migration","Migrationcost 3.0","Migrationlevel  10.0",0,0,100362.58685,439652.5325,9225808,0,8524222.075,8671193.65,0,0,0,0,0,0,93046.18959674,76988.22595,107508.42705,338613.991862,66358.7954,833340.3725,0,0,0,6115814.24054,2163165.9015,16187017.775,9777343.3876,7817411.0725,13369088.895
"robust_protection_migration_off+migrLevel_010_0+migrcost_3_0+plf_1_0+dikecost_1_0+rcp26_hig+SSP2+DR06_0","GLOBAL_000","GLOBAL feature generated automatically",2100,691016.700090527,155527.532441439,"SSP2","Table protection levels","Discount rate 6.0","RCP 2.6 hig","Usual seadike cost","No migration","Migrationcost 3.0","Migrationlevel  10.0",0,0,105477.45855,561651.5725,9225808,0,11118919.8575,8174453.26,0,0,0,0,0,0,93046.18959674,76988.22595,107508.42705,338613.991862,66358.7954,833340.3725,0,0,0,6115814.24054,2163165.9015,16187017.775,9777343.3876,7817411.0725,13369088.895
"robust_protection_migration_off+migrLevel_010_0+migrcost_3_0+plf_1_0+dikecost_1_0+rcp26_hig+SSP3+DR00_0","GLOBAL_000","GLOBAL feature generated automatically",2100,691016.700090527,187859.137920224,"SSP3","Table protection levels","Discount rate 0.0","RCP 2.6 hig","Usual seadike cost","No migration","Migrationcost 3.0","Migrationlevel  10.0",0,0,86860.69695,252833.2973,12808897,0,2226605.71,10356382.815,0,0,0,0,0,0,93046.18959674,76988.22595,107508.42705,338613.991862,66358.7954,833340.3725,0,0,0,6115814.24054,2163165.9015,16187017.775,9777343.3876,7817411.0725,13369088.895
"robust_protection_migration_off+migrLevel_010_0+migrcost_3_0+plf_1_0+dikecost_1_0+rcp26_hig+SSP3+DR01_5","GLOBAL_000","GLOBAL feature generated automatically",2100,691016.700090527,173487.326887035,"SSP3","Table protection levels","Discount rate 1.5","RCP 2.6 hig","Usual seadike cost","No migration","Migrationcost 3.0","Migrationlevel  10.0",0,0,90256.615567,343505.5975,12808897,0,3164188.9285,9440901.82,0,0,0,0,0,0,93046.18959674,76988.22595,107508.42705,338613.991862,66358.7954,833340.3725,0,0,0,6115814.24054,2163165.9015,16187017.775,9777343.3876,7817411.0725,13369088.895
"robust_protection_migration_off+migrLevel_010_0+migrcost_3_0+plf_1_0+dikecost_1_0+rcp26_hig+SSP3+DR03_0","GLOBAL_000","GLOBAL feature generated automatically",2100,691016.700090527,165296.739101001,"SSP3","Table protection levels","Discount rate 3.0","RCP 2.6 hig","Usual seadike cost","No migration","Migrationcost 3.0","Migrationlevel  10.0",0,0,96552.027135,487238.569,12808897,0,4285427.45,8857345.465,0,0,0,0,0,0,93046.18959674,76988.22595,107508.42705,338613.991862,66358.7954,833340.3725,0,0,0,6115814.24054,2163165.9015,16187017.775,9777343.3876,7817411.0725,13369088.895
"robust_protection_migration_off+migrLevel_010_0+migrcost_3_0+plf_1_0+dikecost_1_0+rcp26_hig+SSP3+DR04_5","GLOBAL_000","GLOBAL feature generated automatically",2100,691016.700090527,154433.133826279,"SSP3","Table protection levels","Discount rate 4.5","RCP 2.6 hig","Usual seadike cost","No migration","Migrationcost 3.0","Migrationlevel  10.0",0,0,103455.4583,649795.8805,12808897,0,6072199.845,8176305.385,0,0,0,0,0,0,93046.18959674,76988.22595,107508.42705,338613.991862,66358.7954,833340.3725,0,0,0,6115814.24054,2163165.9015,16187017.775,9777343.3876,7817411.0725,13369088.895
"robust_protection_migration_off+migrLevel_010_0+migrcost_3_0+plf_1_0+dikecost_1_0+rcp26_hig+SSP3+DR06_0","GLOBAL_000","GLOBAL feature generated automatically",2100,691016.700090527,147900.935030894,"SSP3","Table protection levels","Discount rate 6.0","RCP 2.6 hig","Usual seadike cost","No migration","Migrationcost 3.0","Migrationlevel  10.0",0,0,107508.42705,833340.3725,12808897,0,7765346.04,7817411.0725,0,0,0,0,0,0,93046.18959674,76988.22595,107508.42705,338613.991862,66358.7954,833340.3725,0,0,0,6115814.24054,2163165.9015,16187017.775,9777343.3876,7817411.0725,13369088.895
"robust_protection_migration_off+migrLevel_010_0+migrcost_3_0+plf_1_0+dikecost_1_0+rcp26_hig+SSP4+DR00_0","GLOBAL_000","GLOBAL feature generated automatically",2100,691016.700090527,196365.557833993,"SSP4","Table protection levels","Discount rate 0.0","RCP 2.6 hig","Usual seadike cost","No migration","Migrationcost 3.0","Migrationlevel  10.0",0,0,86153.027515,220487.914,9472056,0,2163165.9015,10870984.095,0,0,0,0,0,0,93046.18959674,76988.22595,107508.42705,338613.991862,66358.7954,833340.3725,0,0,0,6115814.24054,2163165.9015,16187017.775,9777343.3876,7817411.0725,13369088.895
"robust_protection_migration_off+migrLevel_010_0+migrcost_3_0+plf_1_0+dikecost_1_0+rcp26_hig+SSP4+DR01_5","GLOBAL_000","GLOBAL feature generated automatically",2100,691016.700090527,183739.9827789,"SSP4","Table protection levels","Discount rate 1.5","RCP 2.6 hig","Usual seadike cost","No migration","Migrationcost 3.0","Migrationlevel  10.0",0,0,89694.6487215,294636.528,9472056,0,3188055.8335,9942317.25,0,0,0,0,0,0,93046.18959674,76988.22595,107508.42705,338613.991862,66358.7954,833340.3725,0,0,0,6115814.24054,2163165.9015,16187017.775,9777343.3876,7817411.0725,13369088.895
"robust_protection_migration_off+migrLevel_010_0+migrcost_3_0+plf_1_0+dikecost_1_0+rcp26_hig+SSP4+DR03_0","GLOBAL_000","GLOBAL feature generated automatically",2100,691016.700090527,171146.949024671,"SSP4","Table protection levels","Discount rate 3.0","RCP 2.6 hig","Usual seadike cost","No migration","Migrationcost 3.0","Migrationlevel  10.0",0,0,93134.554965,394711.4395,9472056,0,4462557.3125,9169787.37,0,0,0,0,0,0,93046.18959674,76988.22595,107508.42705,338613.991862,66358.7954,833340.3725,0,0,0,6115814.24054,2163165.9015,16187017.775,9777343.3876,7817411.0725,13369088.895
"robust_protection_migration_off+migrLevel_010_0+migrcost_3_0+plf_1_0+dikecost_1_0+rcp26_hig+SSP4+DR04_5","GLOBAL_000","GLOBAL feature generated automatically",2100,691016.700090527,163144.859243074,"SSP4","Table protection levels","Discount rate 4.5","RCP 2.6 hig","Usual seadike cost","No migration","Migrationcost 3.0","Migrationlevel  10.0",0,0,99808.70745,528987.565,9472056,0,6213424.245,8615053.87,0,0,0,0,0,0,93046.18959674,76988.22595,107508.42705,338613.991862,66358.7954,833340.3725,0,0,0,6115814.24054,2163165.9015,16187017.775,9777343.3876,7817411.0725,13369088.895
"robust_protection_migration_off+migrLevel_010_0+migrcost_3_0+plf_1_0+dikecost_1_0+rcp26_hig+SSP4+DR06_0","GLOBAL_000","GLOBAL feature generated automatically",2100,691016.700090527,153045.061958628,"SSP4","Table protection levels","Discount rate 6.0","RCP 2.6 hig","Usual seadike cost","No migration","Migrationcost 3.0","Migrationlevel  10.0",0,0,106853.37645,640513.257,9472056,0,8367417.955,8073595.655,0,0,0,0,0,0,93046.18959674,76988.22595,107508.42705,338613.991862,66358.7954,833340.3725,0,0,0,6115814.24054,2163165.9015,16187017.775,9777343.3876,7817411.0725,13369088.895
"robust_protection_migration_off+migrLevel_010_0+migrcost_3_0+plf_1_0+dikecost_1_0+rcp26_hig+SSP5+DR00_0","GLOBAL_000","GLOBAL feature generated automatically",2100,691016.700090527,227938.967764818,"SSP5","Table protection levels","Discount rate 0.0","RCP 2.6 hig","Usual seadike cost","No migration","Migrationcost 3.0","Migrationlevel  10.0",0,0,76988.22595,66358.7954,7660461.5,0,2477550.161,13369088.895,0,0,0,0,0,0,93046.18959674,76988.22595,107508.42705,338613.991862,66358.7954,833340.3725,0,0,0,6115814.24054,2163165.9015,16187017.775,9777343.3876,7817411.0725,13369088.895
"robust_protection_migration_off+migrLevel_010_0+migrcost_3_0+plf_1_0+dikecost_1_0+rcp26_hig+SSP5+DR01_5","GLOBAL_000","GLOBAL feature generated automatically",2100,691016.700090527,211268.610313737,"SSP5","Table protection levels","Discount rate 1.5","RCP 2.6 hig","Usual seadike cost","No migration","Migrationcost 3.0","Migrationlevel  10.0",0,0,83705.51388,101387.5795,7660461.5,0,4126425.0825,11914631.315,0,0,0,0,0,0,93046.18959674,76988.22595,107508.42705,338613.991862,66358.7954,833340.3725,0,0,0,6115814.24054,2163165.9015,16187017.775,9777343.3876,7817411.0725,13369088.895
"robust_protection_migration_off+migrLevel_010_0+migrcost_3_0+plf_1_0+dikecost_1_0+rcp26_hig+SSP5+DR03_0","GLOBAL_000","GLOBAL feature generated automatically",2100,691016.700090527,192740.286148571,"SSP5","Table protection levels","Discount rate 3.0","RCP 2.6 hig","Usual seadike cost","No migration","Migrationcost 3.0","Migrationlevel  10.0",0,0,87823.721155,178605.779,7660461.5,0,7207475.597,10544813.765,0,0,0,0,0,0,93046.18959674,76988.22595,107508.42705,338613.991862,66358.7954,833340.3725,0,0,0,6115814.24054,2163165.9015,16187017.775,9777343.3876,7817411.0725,13369088.895
"robust_protection_migration_off+migrLevel_010_0+migrcost_3_0+plf_1_0+dikecost_1_0+rcp26_hig+SSP5+DR04_5","GLOBAL_000","GLOBAL feature generated automatically",2100,691016.700090527,181161.000820869,"SSP5","Table protection levels","Discount rate 4.5","RCP 2.6 hig","Usual seadike cost","No migration","Migrationcost 3.0","Migrationlevel  10.0",0,0,91137.226935,255345.5415,7660461.5,0,10597053.142,9655525.78,0,0,0,0,0,0,93046.18959674,76988.22595,107508.42705,338613.991862,66358.7954,833340.3725,0,0,0,6115814.24054,2163165.9015,16187017.775,9777343.3876,7817411.0725,13369088.895
"robust_protection_migration_off+migrLevel_010_0+migrcost_3_0+plf_1_0+dikecost_1_0+rcp26_hig+SSP5+DR06_0","GLOBAL_000","GLOBAL feature generated automatically",2100,691016.700090527,167536.487057992,"SSP5","Table protection levels","Discount rate 6.0","RCP 2.6 hig","Usual seadike cost","No migration","Migrationcost 3.0","Migrationlevel  10.0",0,0,100722.8586,378709.3035,7660461.5,0,16187017.775,8759591.81,0,0,0,0,0,0,93046.18959674,76988.22595,107508.42705,338613.991862,66358.7954,833340.3725,0,0,0,6115814.24054,2163165.9015,16187017.775,9777343.3876,7817411.0725,13369088.895
"robust_protection_migration_off+migrLevel_010_0+migrcost_3_0+plf_1_0+dikecost_1_0+rcp85_low+SSP1+DR00_0","GLOBAL_000","GLOBAL feature generated automatically",2100,691016.700090527,210436.876677417,"SSP1","Table protection levels","Discount rate 0.0","RCP 8.5 low","Usual seadike cost","No migration","Migrationcost 3.0","Migrationlevel  10.0",0,0,82898.38255,80329.95965,7090826.5,0,2314771.043,12136473.89,0,0,0,0,0,0,95091.1659101584,76733.80215,111116.6811,335497.508614,61231.05485,867271.624,0,0,0,6254535.82044,2152240.8945,17625565.72,9777865.8116,7840707.68,13401810.455
"robust_protection_migration_off+migrLevel_010_0+migrcost_3_0+plf_1_0+dikecost_1_0+rcp85_low+SSP1+DR01_5","GLOBAL_000","GLOBAL feature generated automatically",2100,691016.700090527,195023.000079417,"SSP1","Table protection levels","Discount rate 1.5","RCP 8.5 low","Usual seadike cost","No migration","Migrationcost 3.0","Migrationlevel  10.0",0,0,86616.61455,132576.80965,7090826.5,0,3610590.5735,10977454.25,0,0,0,0,0,0,95091.1659101584,76733.80215,111116.6811,335497.508614,61231.05485,867271.624,0,0,0,6254535.82044,2152240.8945,17625565.72,9777865.8116,7840707.68,13401810.455
"robust_protection_migration_off+migrLevel_010_0+migrcost_3_0+plf_1_0+dikecost_1_0+rcp85_low+SSP1+DR03_0","GLOBAL_000","GLOBAL feature generated automatically",2100,691016.700090527,179388.075884216,"SSP1","Table protection levels","Discount rate 3.0","RCP 8.5 low","Usual seadike cost","No migration","Migrationcost 3.0","Migrationlevel  10.0",0,0,90766.44695,212863.1765,7090826.5,0,5952750.71,9768012.235,0,0,0,0,0,0,95091.1659101584,76733.80215,111116.6811,335497.508614,61231.05485,867271.624,0,0,0,6254535.82044,2152240.8945,17625565.72,9777865.8116,7840707.68,13401810.455
"robust_protection_migration_off+migrLevel_010_0+migrcost_3_0+plf_1_0+dikecost_1_0+rcp85_low+SSP1+DR04_5","GLOBAL_000","GLOBAL feature generated automatically",2100,691016.700090527,167872.788807937,"SSP1","Table protection levels","Discount rate 4.5","RCP 8.5 low","Usual seadike cost","No migration","Migrationcost 3.0","Migrationlevel  10.0",0,0,100379.35305,325314.2005,7090826.5,0,9076693.205,8930928.99,0,0,0,0,0,0,95091.1659101584,76733.80215,111116.6811,335497.508614,61231.05485,867271.624,0,0,0,6254535.82044,2152240.8945,17625565.72,9777865.8116,7840707.68,13401810.455
"robust_protection_migration_off+migrLevel_010_0+migrcost_3_0+plf_1_0+dikecost_1_0+rcp85_low+SSP1+DR06_0","GLOBAL_000","GLOBAL feature generated automatically",2100,691016.700090527,158635.724667372,"SSP1","Table protection levels","Discount rate 6.0","RCP 8.5 low","Usual seadike cost","No migration","Migrationcost 3.0","Migrationlevel  10.0",0,0,108274.3803,431964.2835,7090826.5,0,12418453.26,8385527.22,0,0,0,0,0,0,95091.1659101584,76733.80215,111116.6811,335497.508614,61231.05485,867271.624,0,0,0,6254535.82044,2152240.8945,17625565.72,9777865.8116,7840707.68,13401810.455
"robust_protection_migration_off+migrLevel_010_0+migrcost_3_0+plf_1_0+dikecost_1_0+rcp85_low+SSP2+DR00_0","GLOBAL_000","GLOBAL feature generated automatically",2100,691016.700090527,207503.662016057,"SSP2","Table protection levels","Discount rate 0.0","RCP 8.5 low","Usual seadike cost","No migration","Migrationcost 3.0","Migrationlevel  10.0",0,0,83347.7311,113791.1469,9225808,0,2227008.231,11847382.11,0,0,0,0,0,0,95091.1659101584,76733.80215,111116.6811,335497.508614,61231.05485,867271.624,0,0,0,6254535.82044,2152240.8945,17625565.72,9777865.8116,7840707.68,13401810.455
"robust_protection_migration_off+migrLevel_010_0+migrcost_3_0+plf_1_0+dikecost_1_0+rcp85_low+SSP2+DR01_5","GLOBAL_000","GLOBAL feature generated automatically",2100,691016.700090527,190869.948796236,"SSP2","Table protection levels","Discount rate 1.5","RCP 8.5 low","Usual seadike cost","No migration","Migrationcost 3.0","Migrationlevel  10.0",0,0,87614.274475,193533.95805,9225808,0,3661836.937,10519448.59,0,0,0,0,0,0,95091.1659101584,76733.80215,111116.6811,335497.508614,61231.05485,867271.624,0,0,0,6254535.82044,2152240.8945,17625565.72,9777865.8116,7840707.68,13401810.455
"robust_protection_migration_off+migrLevel_010_0+migrcost_3_0+plf_1_0+dikecost_1_0+rcp85_low+SSP2+DR03_0","GLOBAL_000","GLOBAL feature generated automatically",2100,691016.700090527,174753.49538111,"SSP2","Table protection levels","Discount rate 3.0","RCP 8.5 low","Usual seadike cost","No migration","Migrationcost 3.0","Migrationlevel  10.0",0,0,91974.894465,276929.7725,9225808,0,5561895.78,9523489.83,0,0,0,0,0,0,95091.1659101584,76733.80215,111116.6811,335497.508614,61231.05485,867271.624,0,0,0,6254535.82044,2152240.8945,17625565.72,9777865.8116,7840707.68,13401810.455
"robust_protection_migration_off+migrLevel_010_0+migrcost_3_0+plf_1_0+dikecost_1_0+rcp85_low+SSP2+DR04_5","GLOBAL_000","GLOBAL feature generated automatically",2100,691016.700090527,162876.445247241,"SSP2","Table protection levels","Discount rate 4.5","RCP 8.5 low","Usual seadike cost","No migration","Migrationcost 3.0","Migrationlevel  10.0",0,0,103072.6183,431697.232,9225808,0,8765259.97,8647032.285,0,0,0,0,0,0,95091.1659101584,76733.80215,111116.6811,335497.508614,61231.05485,867271.624,0,0,0,6254535.82044,2152240.8945,17625565.72,9777865.8116,7840707.68,13401810.455
"robust_protection_migration_off+migrLevel_010_0+migrcost_3_0+plf_1_0+dikecost_1_0+rcp85_low+SSP2+DR06_0","GLOBAL_000","GLOBAL feature generated automatically",2100,691016.700090527,155956.56703593,"SSP2","Table protection levels","Discount rate 6.0","RCP 8.5 low","Usual seadike cost","No migration","Migrationcost 3.0","Migrationlevel  10.0",0,0,109094.5125,544120.972,9225808,0,11223275.37,8247613.045,0,0,0,0,0,0,95091.1659101584,76733.80215,111116.6811,335497.508614,61231.05485,867271.624,0,0,0,6254535.82044,2152240.8945,17625565.72,9777865.8116,7840707.68,13401810.455
"robust_protection_migration_off+migrLevel_010_0+migrcost_3_0+plf_1_0+dikecost_1_0+rcp85_low+SSP3+DR00_0","GLOBAL_000","GLOBAL feature generated automatically",2100,691016.700090527,183303.995037162,"SSP3","Table protection levels","Discount rate 0.0","RCP 8.5 low","Usual seadike cost","No migration","Migrationcost 3.0","Migrationlevel  10.0",0,0,87777.7491,239800.18335,12808897,0,2241141.823,10295239.5925,0,0,0,0,0,0,95091.1659101584,76733.80215,111116.6811,335497.508614,61231.05485,867271.624,0,0,0,6254535.82044,2152240.8945,17625565.72,9777865.8116,7840707.68,13401810.455
"robust_protection_migration_off+migrLevel_010_0+migrcost_3_0+plf_1_0+dikecost_1_0+rcp85_low+SSP3+DR01_5","GLOBAL_000","GLOBAL feature generated automatically",2100,691016.700090527,172049.646075719,"SSP3","Table protection levels","Discount rate 1.5","RCP 8.5 low","Usual seadike cost","No migration","Migrationcost 3.0","Migrationlevel  10.0",0,0,91573.277965,332644.299,12808897,0,3104518.115,9465957.315,0,0,0,0,0,0,95091.1659101584,76733.80215,111116.6811,335497.508614,61231.05485,867271.624,0,0,0,6254535.82044,2152240.8945,17625565.72,9777865.8116,7840707.68,13401810.455
"robust_protection_migration_off+migrLevel_010_0+migrcost_3_0+plf_1_0+dikecost_1_0+rcp85_low+SSP3+DR03_0","GLOBAL_000","GLOBAL feature generated automatically",2100,691016.700090527,163259.328457781,"SSP3","Table protection levels","Discount rate 3.0","RCP 8.5 low","Usual seadike cost","No migration","Migrationcost 3.0","Migrationlevel  10.0",0,0,98764.16812,485935.0425,12808897,0,4366928.8075,8812036.5325,0,0,0,0,0,0,95091.1659101584,76733.80215,111116.6811,335497.508614,61231.05485,867271.624,0,0,0,6254535.82044,2152240.8945,17625565.72,9777865.8116,7840707.68,13401810.455
"robust_protection_migration_off+migrLevel_010_0+migrcost_3_0+plf_1_0+dikecost_1_0+rcp85_low+SSP3+DR04_5","GLOBAL_000","GLOBAL feature generated automatically",2100,691016.700090527,154794.100466209,"SSP3","Table protection levels","Discount rate 4.5","RCP 8.5 low","Usual seadike cost","No migration","Migrationcost 3.0","Migrationlevel  10.0",0,0,107507.35275,647573.333,12808897,0,6039169.405,8254537.3725,0,0,0,0,0,0,95091.1659101584,76733.80215,111116.6811,335497.508614,61231.05485,867271.624,0,0,0,6254535.82044,2152240.8945,17625565.72,9777865.8116,7840707.68,13401810.455
"robust_protection_migration_off+migrLevel_010_0+migrcost_3_0+plf_1_0+dikecost_1_0+rcp85_low+SSP3+DR06_0","GLOBAL_000","GLOBAL feature generated automatically",2100,691016.700090527,147466.101293581,"SSP3","Table protection levels","Discount rate 6.0","RCP 8.5 low","Usual seadike cost","No migration","Migrationcost 3.0","Migrationlevel  10.0",0,0,111116.6811,867271.624,12808897,0,7903399.52,7840707.68,0,0,0,0,0,0,95091.1659101584,76733.80215,111116.6811,335497.508614,61231.05485,867271.624,0,0,0,6254535.82044,2152240.8945,17625565.72,9777865.8116,7840707.68,13401810.455
"robust_protection_migration_off+migrLevel_010_0+migrcost_3_0+plf_1_0+dikecost_1_0+rcp85_low+SSP4+DR00_0","GLOBAL_000","GLOBAL feature generated automatically",2100,691016.700090527,194267.64806112,"SSP4","Table protection levels","Discount rate 0.0","RCP 8.5 low","Usual seadike cost","No migration","Migrationcost 3.0","Migrationlevel  10.0",0,0,87558.1606,210032.715,9472056,0,2152240.8945,10848478.31,0,0,0,0,0,0,95091.1659101584,76733.80215,111116.6811,335497.508614,61231.05485,867271.624,0,0,0,6254535.82044,2152240.8945,17625565.72,9777865.8116,7840707.68,13401810.455
"robust_protection_migration_off+migrLevel_010_0+migrcost_3_0+plf_1_0+dikecost_1_0+rcp85_low+SSP4+DR01_5","GLOBAL_000","GLOBAL feature generated automatically",2100,691016.700090527,182473.217204922,"SSP4","Table protection levels","Discount rate 1.5","RCP 8.5 low","Usual seadike cost","No migration","Migrationcost 3.0","Migrationlevel  10.0",0,0,91036.944165,282939.5835,9472056,0,3151976.9185,9953447.7975,0,0,0,0,0,0,95091.1659101584,76733.80215,111116.6811,335497.508614,61231.05485,867271.624,0,0,0,6254535.82044,2152240.8945,17625565.72,9777865.8116,7840707.68,13401810.455
"robust_protection_migration_off+migrLevel_010_0+migrcost_3_0+plf_1_0+dikecost_1_0+rcp85_low+SSP4+DR03_0","GLOBAL_000","GLOBAL feature generated automatically",2100,691016.700090527,170116.512971991,"SSP4","Table protection levels","Discount rate 3.0","RCP 8.5 low","Usual seadike cost","No migration","Migrationcost 3.0","Migrationlevel  10.0",0,0,94723.1277385,383965.99,9472056,0,4461419.715,9188818.39,0,0,0,0,0,0,95091.1659101584,76733.80215,111116.6811,335497.508614,61231.05485,867271.624,0,0,0,6254535.82044,2152240.8945,17625565.72,9777865.8116,7840707.68,13401810.455
"robust_protection_migration_off+migrLevel_010_0+migrcost_3_0+plf_1_0+dikecost_1_0+rcp85_low+SSP4+DR04_5","GLOBAL_000","GLOBAL feature generated automatically",2100,691016.700090527,160127.785846987,"SSP4","Table protection levels","Discount rate 4.5","RCP 8.5 low","Usual seadike cost","No migration","Migrationcost 3.0","Migrationlevel  10.0",0,0,104416.33355,532550.397,9472056,0,6705266.125,8502924.215,0,0,0,0,0,0,95091.1659101584,76733.80215,111116.6811,335497.508614,61231.05485,867271.624,0,0,0,6254535.82044,2152240.8945,17625565.72,9777865.8116,7840707.68,13401810.455
"robust_protection_migration_off+migrLevel_010_0+migrcost_3_0+plf_1_0+dikecost_1_0+rcp85_low+SSP4+DR06_0","GLOBAL_000","GLOBAL feature generated automatically",2100,691016.700090527,152852.499372678,"SSP4","Table protection levels","Discount rate 6.0","RCP 8.5 low","Usual seadike cost","No migration","Migrationcost 3.0","Migrationlevel  10.0",0,0,110072.46045,681850.4005,9472056,0,9015239.855,8066438.215,0,0,0,0,0,0,95091.1659101584,76733.80215,111116.6811,335497.508614,61231.05485,867271.624,0,0,0,6254535.82044,2152240.8945,17625565.72,9777865.8116,7840707.68,13401810.455
"robust_protection_migration_off+migrLevel_010_0+migrcost_3_0+plf_1_0+dikecost_1_0+rcp85_low+SSP5+DR00_0","GLOBAL_000","GLOBAL feature generated automatically",2100,691016.700090527,226723.095673972,"SSP5","Table protection levels","Discount rate 0.0","RCP 8.5 low","Usual seadike cost","No migration","Migrationcost 3.0","Migrationlevel  10.0",0,0,76733.80215,61231.05485,7660461.5,0,2407556.058,13401810.455,0,0,0,0,0,0,95091.1659101584,76733.80215,111116.6811,335497.508614,61231.05485,867271.624,0,0,0,6254535.82044,2152240.8945,17625565.72,9777865.8116,7840707.68,13401810.455
"robust_protection_migration_off+migrLevel_010_0+migrcost_3_0+plf_1_0+dikecost_1_0+rcp85_low+SSP5+DR01_5","GLOBAL_000","GLOBAL feature generated automatically",2100,691016.700090527,210069.930194044,"SSP5","Table protection levels","Discount rate 1.5","RCP 8.5 low","Usual seadike cost","No migration","Migrationcost 3.0","Migrationlevel  10.0",0,0,84636.81665,96429.8954,7660461.5,0,4078450.965,11956595.52,0,0,0,0,0,0,95091.1659101584,76733.80215,111116.6811,335497.508614,61231.05485,867271.624,0,0,0,6254535.82044,2152240.8945,17625565.72,9777865.8116,7840707.68,13401810.455
"robust_protection_migration_off+migrLevel_010_0+migrcost_3_0+plf_1_0+dikecost_1_0+rcp85_low+SSP5+DR03_0","GLOBAL_000","GLOBAL feature generated automatically",2100,691016.700090527,191247.619723284,"SSP5","Table protection levels","Discount rate 3.0","RCP 8.5 low","Usual seadike cost","No migration","Migrationcost 3.0","Migrationlevel  10.0",0,0,88915.63675,174460.8435,7660461.5,0,7319592.972,10521802.045,0,0,0,0,0,0,95091.1659101584,76733.80215,111116.6811,335497.508614,61231.05485,867271.624,0,0,0,6254535.82044,2152240.8945,17625565.72,9777865.8116,7840707.68,13401810.455
"robust_protection_migration_off+migrLevel_010_0+migrcost_3_0+plf_1_0+dikecost_1_0+rcp85_low+SSP5+DR04_5","GLOBAL_000","GLOBAL feature generated automatically",2100,691016.700090527,180210.552778237,"SSP5","Table protection levels","Discount rate 4.5","RCP 8.5 low","Usual seadike cost","No migration","Migrationcost 3.0","Migrationlevel  10.0",0,0,94279.25917546,252858.887,7660461.5,0,10978393.538,9640324.52,0,0,0,0,0,0,95091.1659101584,76733.80215,111116.6811,335497.508614,61231.05485,867271.624,0,0,0,6254535.82044,2152240.8945,17625565.72,9777865.8116,7840707.68,13401810.455
"robust_protection_migration_off+migrLevel_010_0+migrcost_3_0+plf_1_0+dikecost_1_0+rcp85_low+SSP5+DR06_0","GLOBAL_000","GLOBAL feature generated automatically",2100,691016.700090527,166525.936258169,"SSP5","Table protection levels","Discount rate 6.0","RCP 8.5 low","Usual seadike cost","No migration","Migrationcost 3.0","Migrationlevel  10.0",0,0,104128.16925,394771.9555,7660461.5,0,17625565.72,8714164.885,0,0,0,0,0,0,95091.1659101584,76733.80215,111116.6811,335497.508614,61231.05485,867271.624,0,0,0,6254535.82044,2152240.8945,17625565.72,9777865.8116,7840707.68,13401810.455
"robust_protection_migration_off+migrLevel_010_0+migrcost_3_0+plf_1_0+dikecost_1_0+rcp85_hig+SSP1+DR00_0","GLOBAL_000","GLOBAL feature generated automatically",2100,691016.700090527,226037.703964778,"SSP1","Table protection levels","Discount rate 0.0","RCP 8.5 hig","Usual seadike cost","No migration","Migrationcost 3.0","Migrationlevel  10.0",0,0,149197.72225,76652.63915,7090826.5,0,2919770.7635,15981424.485,0,0,0,0,0,0,174479.325606,144167.97925,204870.4145,348753.305464,56291.0886,897669.139,0,0,0,8686122.16568,2821172.084,24291264.58,12594431.3886,9833976.595,17526127
"robust_protection_migration_off+migrLevel_010_0+migrcost_3_0+plf_1_0+dikecost_1_0+rcp85_hig+SSP1+DR01_5","GLOBAL_000","GLOBAL feature generated automatically",2100,691016.700090527,208670.446493425,"SSP1","Table protection levels","Discount rate 1.5","RCP 8.5 hig","Usual seadike cost","No migration","Migrationcost 3.0","Migrationlevel  10.0",0,0,161634.3365,125951.588,7090826.5,0,4940844.317,14201538.755,0,0,0,0,0,0,174479.325606,144167.97925,204870.4145,348753.305464,56291.0886,897669.139,0,0,0,8686122.16568,2821172.084,24291264.58,12594431.3886,9833976.595,17526127
"robust_protection_migration_off+migrLevel_010_0+migrcost_3_0+plf_1_0+dikecost_1_0+rcp85_hig+SSP1+DR03_0","GLOBAL_000","GLOBAL feature generated automatically",2100,691016.700090527,187935.521293783,"SSP1","Table protection levels","Discount rate 3.0","RCP 8.5 hig","Usual seadike cost","No migration","Migrationcost 3.0","Migrationlevel  10.0",0,0,170173.08075,210494.5815,7090826.5,0,8100791.004,12637360.535,0,0,0,0,0,0,174479.325606,144167.97925,204870.4145,348753.305464,56291.0886,897669.139,0,0,0,8686122.16568,2821172.084,24291264.58,12594431.3886,9833976.595,17526127
"robust_protection_migration_off+migrLevel_010_0+migrcost_3_0+plf_1_0+dikecost_1_0+rcp85_hig+SSP1+DR04_5","GLOBAL_000","GLOBAL feature generated automatically",2100,691016.700090527,174819.713754975,"SSP1","Table protection levels","Discount rate 4.5","RCP 8.5 hig","Usual seadike cost","No migration","Migrationcost 3.0","Migrationlevel  10.0",0,0,178843.7413,313226.042,7090826.5,0,12400543.635,11437465.78,0,0,0,0,0,0,174479.325606,144167.97925,204870.4145,348753.305464,56291.0886,897669.139,0,0,0,8686122.16568,2821172.084,24291264.58,12594431.3886,9833976.595,17526127
"robust_protection_migration_off+migrLevel_010_0+migrcost_3_0+plf_1_0+dikecost_1_0+rcp85_hig+SSP1+DR06_0","GLOBAL_000","GLOBAL feature generated automatically",2100,691016.700090527,163893.996167862,"SSP1","Table protection levels","Discount rate 6.0","RCP 8.5 hig","Usual seadike cost","No migration","Migrationcost 3.0","Migrationlevel  10.0",0,0,194811.0573,471927.4895,7090826.5,0,18020373.575,10614627.775,0,0,0,0,0,0,174479.325606,144167.97925,204870.4145,348753.305464,56291.0886,897669.139,0,0,0,8686122.16568,2821172.084,24291264.58,12594431.3886,9833976.595,17526127
"robust_protection_migration_off+migrLevel_010_0+migrcost_3_0+plf_1_0+dikecost_1_0+rcp85_hig+SSP2+DR00_0","GLOBAL_000","GLOBAL feature generated automatically",2100,691016.700090527,220587.955968686,"SSP2","Table protection levels","Discount rate 0.0","RCP 8.5 hig","Usual seadike cost","No migration","Migrationcost 3.0","Migrationlevel  10.0",0,0,150902.31035,108090.11345,9225808,0,2987595.1565,15433789.445,0,0,0,0,0,0,174479.325606,144167.97925,204870.4145,348753.305464,56291.0886,897669.139,0,0,0,8686122.16568,2821172.084,24291264.58,12594431.3886,9833976.595,17526127
"robust_protection_migration_off+migrLevel_010_0+migrcost_3_0+plf_1_0+dikecost_1_0+rcp85_hig+SSP2+DR01_5","GLOBAL_000","GLOBAL feature generated automatically",2100,691016.700090527,204329.289202967,"SSP2","Table protection levels","Discount rate 1.5","RCP 8.5 hig","Usual seadike cost","No migration","Migrationcost 3.0","Migrationlevel  10.0",0,0,162802.575,165473.1306,9225808,0,4656618.308,13874739.54,0,0,0,0,0,0,174479.325606,144167.97925,204870.4145,348753.305464,56291.0886,897669.139,0,0,0,8686122.16568,2821172.084,24291264.58,12594431.3886,9833976.595,17526127
"robust_protection_migration_off+migrLevel_010_0+migrcost_3_0+plf_1_0+dikecost_1_0+rcp85_hig+SSP2+DR03_0","GLOBAL_000","GLOBAL feature generated automatically",2100,691016.700090527,184157.041158163,"SSP2","Table protection levels","Discount rate 3.0","RCP 8.5 hig","Usual seadike cost","No migration","Migrationcost 3.0","Migrationlevel  10.0",0,0,171928.6309,287019.8582,9225808,0,7759047.7975,12223619.19,0,0,0,0,0,0,174479.325606,144167.97925,204870.4145,348753.305464,56291.0886,897669.139,0,0,0,8686122.16568,2821172.084,24291264.58,12594431.3886,9833976.595,17526127
"robust_protection_migration_off+migrLevel_010_0+migrcost_3_0+plf_1_0+dikecost_1_0+rcp85_hig+SSP2+DR04_5","GLOBAL_000","GLOBAL feature generated automatically",2100,691016.700090527,170669.139611804,"SSP2","Table protection levels","Discount rate 4.5","RCP 8.5 hig","Usual seadike cost","No migration","Migrationcost 3.0","Migrationlevel  10.0",0,0,183088.19775,439100.1905,9225808,0,11811712.17,11131863.635,0,0,0,0,0,0,174479.325606,144167.97925,204870.4145,348753.305464,56291.0886,897669.139,0,0,0,8686122.16568,2821172.084,24291264.58,12594431.3886,9833976.595,17526127
"robust_protection_migration_off+migrLevel_010_0+migrcost_3_0+plf_1_0+dikecost_1_0+rcp85_hig+SSP2+DR06_0","GLOBAL_000","GLOBAL feature generated automatically",2100,691016.700090527,158873.668146574,"SSP2","Table protection levels","Discount rate 6.0","RCP 8.5 hig","Usual seadike cost","No migration","Migrationcost 3.0","Migrationlevel  10.0",0,0,200116.1005,633429.43,9225808,0,17356343.815,10297100.4,0,0,0,0,0,0,174479.325606,144167.97925,204870.4145,348753.305464,56291.0886,897669.139,0,0,0,8686122.16568,2821172.084,24291264.58,12594431.3886,9833976.595,17526127
"robust_protection_migration_off+migrLevel_010_0+migrcost_3_0+plf_1_0+dikecost_1_0+rcp85_hig+SSP3+DR00_0","GLOBAL_000","GLOBAL feature generated automatically",2100,691016.700090527,196810.86493484,"SSP3","Table protection levels","Discount rate 0.0","RCP 8.5 hig","Usual seadike cost","No migration","Migrationcost 3.0","Migrationlevel  10.0",0,0,163046.38395,226141.701,12808897,0,2910638.8865,13501009.54,0,0,0,0,0,0,174479.325606,144167.97925,204870.4145,348753.305464,56291.0886,897669.139,0,0,0,8686122.16568,2821172.084,24291264.58,12594431.3886,9833976.595,17526127
"robust_protection_migration_off+migrLevel_010_0+migrcost_3_0+plf_1_0+dikecost_1_0+rcp85_hig+SSP3+DR01_5","GLOBAL_000","GLOBAL feature generated automatically",2100,691016.700090527,181197.848138534,"SSP3","Table protection levels","Discount rate 1.5","RCP 8.5 hig","Usual seadike cost","No migration","Migrationcost 3.0","Migrationlevel  10.0",0,0,172623.62915,345694.58415,12808897,0,4324182.7185,12133845.425,0,0,0,0,0,0,174479.325606,144167.97925,204870.4145,348753.305464,56291.0886,897669.139,0,0,0,8686122.16568,2821172.084,24291264.58,12594431.3886,9833976.595,17526127
"robust_protection_migration_off+migrLevel_010_0+migrcost_3_0+plf_1_0+dikecost_1_0+rcp85_hig+SSP3+DR03_0","GLOBAL_000","GLOBAL feature generated automatically",2100,691016.700090527,168699.168937379,"SSP3","Table protection levels","Discount rate 3.0","RCP 8.5 hig","Usual seadike cost","No migration","Migrationcost 3.0","Migrationlevel  10.0",0,0,179061.96995,468229.9485,12808897,0,5979165.53,11194442.18,0,0,0,0,0,0,174479.325606,144167.97925,204870.4145,348753.305464,56291.0886,897669.139,0,0,0,8686122.16568,2821172.084,24291264.58,12594431.3886,9833976.595,17526127
"robust_protection_migration_off+migrLevel_010_0+migrcost_3_0+plf_1_0+dikecost_1_0+rcp85_hig+SSP3+DR04_5","GLOBAL_000","GLOBAL feature generated automatically",2100,691016.700090527,156993.761640512,"SSP3","Table protection levels","Discount rate 4.5","RCP 8.5 hig","Usual seadike cost","No migration","Migrationcost 3.0","Migrationlevel  10.0",0,0,196467.5618,737219.3095,12808897,0,8961976.68,10272415.405,0,0,0,0,0,0,174479.325606,144167.97925,204870.4145,348753.305464,56291.0886,897669.139,0,0,0,8686122.16568,2821172.084,24291264.58,12594431.3886,9833976.595,17526127
"robust_protection_migration_off+migrLevel_010_0+migrcost_3_0+plf_1_0+dikecost_1_0+rcp85_hig+SSP3+DR06_0","GLOBAL_000","GLOBAL feature generated automatically",2100,691016.700090527,150427.231712752,"SSP3","Table protection levels","Discount rate 6.0","RCP 8.5 hig","Usual seadike cost","No migration","Migrationcost 3.0","Migrationlevel  10.0",0,0,204870.4145,897669.139,12808897,0,11139739.355,9833976.595,0,0,0,0,0,0,174479.325606,144167.97925,204870.4145,348753.305464,56291.0886,897669.139,0,0,0,8686122.16568,2821172.084,24291264.58,12594431.3886,9833976.595,17526127
"robust_protection_migration_off+migrLevel_010_0+migrcost_3_0+plf_1_0+dikecost_1_0+rcp85_hig+SSP4+DR00_0","GLOBAL_000","GLOBAL feature generated automatically",2100,691016.700090527,208977.323045128,"SSP4","Table protection levels","Discount rate 0.0","RCP 8.5 hig","Usual seadike cost","No migration","Migrationcost 3.0","Migrationlevel  10.0",0,0,157339.756,222215.2992,9472056,0,2821172.084,14133066.5,0,0,0,0,0,0,174479.325606,144167.97925,204870.4145,348753.305464,56291.0886,897669.139,0,0,0,8686122.16568,2821172.084,24291264.58,12594431.3886,9833976.595,17526127
"robust_protection_migration_off+migrLevel_010_0+migrcost_3_0+plf_1_0+dikecost_1_0+rcp85_hig+SSP4+DR01_5","GLOBAL_000","GLOBAL feature generated automatically",2100,691016.700090527,193170.407204294,"SSP4","Table protection levels","Discount rate 1.5","RCP 8.5 hig","Usual seadike cost","No migration","Migrationcost 3.0","Migrationlevel  10.0",0,0,170452.7147,297261.872,9472056,0,4276977.287,12829666.51,0,0,0,0,0,0,174479.325606,144167.97925,204870.4145,348753.305464,56291.0886,897669.139,0,0,0,8686122.16568,2821172.084,24291264.58,12594431.3886,9833976.595,17526127
"robust_protection_migration_off+migrLevel_010_0+migrcost_3_0+plf_1_0+dikecost_1_0+rcp85_hig+SSP4+DR03_0","GLOBAL_000","GLOBAL feature generated automatically",2100,691016.700090527,176997.311696702,"SSP4","Table protection levels","Discount rate 3.0","RCP 8.5 hig","Usual seadike cost","No migration","Migrationcost 3.0","Migrationlevel  10.0",0,0,179413.459,429376.5625,9472056,0,6400667.2935,11639047.86,0,0,0,0,0,0,174479.325606,144167.97925,204870.4145,348753.305464,56291.0886,897669.139,0,0,0,8686122.16568,2821172.084,24291264.58,12594431.3886,9833976.595,17526127
"robust_protection_migration_off+migrLevel_010_0+migrcost_3_0+plf_1_0+dikecost_1_0+rcp85_hig+SSP4+DR04_5","GLOBAL_000","GLOBAL feature generated automatically",2100,691016.700090527,166008.692966306,"SSP4","Table protection levels","Discount rate 4.5","RCP 8.5 hig","Usual seadike cost","No migration","Migrationcost 3.0","Migrationlevel  10.0",0,0,189363.5692,586154.7195,9472056,0,9259209.865,10777397.89,0,0,0,0,0,0,174479.325606,144167.97925,204870.4145,348753.305464,56291.0886,897669.139,0,0,0,8686122.16568,2821172.084,24291264.58,12594431.3886,9833976.595,17526127
"robust_protection_migration_off+migrLevel_010_0+migrcost_3_0+plf_1_0+dikecost_1_0+rcp85_hig+SSP4+DR06_0","GLOBAL_000","GLOBAL feature generated automatically",2100,691016.700090527,156646.969568425,"SSP4","Table protection levels","Discount rate 6.0","RCP 8.5 hig","Usual seadike cost","No migration","Migrationcost 3.0","Migrationlevel  10.0",0,0,201466.8724,718344.9275,9472056,0,12362904.695,10164286.755,0,0,0,0,0,0,174479.325606,144167.97925,204870.4145,348753.305464,56291.0886,897669.139,0,0,0,8686122.16568,2821172.084,24291264.58,12594431.3886,9833976.595,17526127
"robust_protection_migration_off+migrLevel_010_0+migrcost_3_0+plf_1_0+dikecost_1_0+rcp85_hig+SSP5+DR00_0","GLOBAL_000","GLOBAL feature generated automatically",2100,691016.700090527,244449.053574809,"SSP5","Table protection levels","Discount rate 0.0","RCP 8.5 hig","Usual seadike cost","No migration","Migrationcost 3.0","Migrationlevel  10.0",0,0,144167.97925,56291.0886,7660461.5,0,3177015.3005,17526127,0,0,0,0,0,0,174479.325606,144167.97925,204870.4145,348753.305464,56291.0886,897669.139,0,0,0,8686122.16568,2821172.084,24291264.58,12594431.3886,9833976.595,17526127
"robust_protection_migration_off+migrLevel_010_0+migrcost_3_0+plf_1_0+dikecost_1_0+rcp85_hig+SSP5+DR01_5","GLOBAL_000","GLOBAL feature generated automatically",2100,691016.700090527,225496.141166517,"SSP5","Table protection levels","Discount rate 1.5","RCP 8.5 hig","Usual seadike cost","No migration","Migrationcost 3.0","Migrationlevel  10.0",0,0,150807.95075,88528.20675,7660461.5,0,5159073.717,15761377,0,0,0,0,0,0,174479.325606,144167.97925,204870.4145,348753.305464,56291.0886,897669.139,0,0,0,8686122.16568,2821172.084,24291264.58,12594431.3886,9833976.595,17526127
"robust_protection_migration_off+migrLevel_010_0+migrcost_3_0+plf_1_0+dikecost_1_0+rcp85_hig+SSP5+DR03_0","GLOBAL_000","GLOBAL feature generated automatically",2100,691016.700090527,203389.08529427,"SSP5","Table protection levels","Discount rate 3.0","RCP 8.5 hig","Usual seadike cost","No migration","Migrationcost 3.0","Migrationlevel  10.0",0,0,166490.0679,154736.349,7660461.5,0,9312493.776,13786161.995,0,0,0,0,0,0,174479.325606,144167.97925,204870.4145,348753.305464,56291.0886,897669.139,0,0,0,8686122.16568,2821172.084,24291264.58,12594431.3886,9833976.595,17526127
"robust_protection_migration_off+migrLevel_010_0+migrcost_3_0+plf_1_0+dikecost_1_0+rcp85_hig+SSP5+DR04_5","GLOBAL_000","GLOBAL feature generated automatically",2100,691016.700090527,187411.873753958,"SSP5","Table protection levels","Discount rate 4.5","RCP 8.5 hig","Usual seadike cost","No migration","Migrationcost 3.0","Migrationlevel  10.0",0,0,173411.2705,256542.1,7660461.5,0,15822931.8325,12330576.6,0,0,0,0,0,0,174479.325606,144167.97925,204870.4145,348753.305464,56291.0886,897669.139,0,0,0,8686122.16568,2821172.084,24291264.58,12594431.3886,9833976.595,17526127
"robust_protection_migration_off+migrLevel_010_0+migrcost_3_0+plf_1_0+dikecost_1_0+rcp85_hig+SSP5+DR06_0","GLOBAL_000","GLOBAL feature generated automatically",2100,691016.700090527,173715.209759318,"SSP5","Table protection levels","Discount rate 6.0","RCP 8.5 hig","Usual seadike cost","No migration","Migrationcost 3.0","Migrationlevel  10.0",0,0,189501.7885,403061.7665,7660461.5,0,24291264.58,11143857.92,0,0,0,0,0,0,174479.325606,144167.97925,204870.4145,348753.305464,56291.0886,897669.139,0,0,0,8686122.16568,2821172.084,24291264.58,12594431.3886,9833976.595,17526127
"robust_protection_migration_off+migrLevel_010_0+migrcost_3_0+plf_1_0+dikecost_1_0+high__end+SSP1+DR00_0","GLOBAL_000","GLOBAL feature generated automatically",2100,691016.700090527,237320.518441,"SSP1","Table protection levels","Discount rate 0.0","H++","Usual seadike cost","No migration","Migrationcost 3.0","Migrationlevel  10.0",0,0,223119.45205,75363.06015,7090826.5,0,3779136.139,20722682.135,0,0,0,0,0,0,265339.67331,211129.376,318741.7345,378960.79526,52974.1365,1086966.804,0,0,0,11719906.6412,3718742.8175,33786292.325,16362853.1664,12431013.38,22894008.315
"robust_protection_migration_off+migrLevel_010_0+migrcost_3_0+plf_1_0+dikecost_1_0+high__end+SSP1+DR01_5","GLOBAL_000","GLOBAL feature generated automatically",2100,691016.700090527,221562.837965765,"SSP1","Table protection levels","Discount rate 1.5","H++","Usual seadike cost","No migration","Migrationcost 3.0","Migrationlevel  10.0",0,0,233171.326,117418.92675,7090826.5,0,5674954.3845,18935433.925,0,0,0,0,0,0,265339.67331,211129.376,318741.7345,378960.79526,52974.1365,1086966.804,0,0,0,11719906.6412,3718742.8175,33786292.325,16362853.1664,12431013.38,22894008.315
"robust_protection_migration_off+migrLevel_010_0+migrcost_3_0+plf_1_0+dikecost_1_0+high__end+SSP1+DR03_0","GLOBAL_000","GLOBAL feature generated automatically",2100,691016.700090527,198406.144641855,"SSP1","Table protection levels","Discount rate 3.0","H++","Usual seadike cost","No migration","Migrationcost 3.0","Migrationlevel  10.0",0,0,261790.62575,205726.2905,7090826.5,0,10447301.8535,16592178.74,0,0,0,0,0,0,265339.67331,211129.376,318741.7345,378960.79526,52974.1365,1086966.804,0,0,0,11719906.6412,3718742.8175,33786292.325,16362853.1664,12431013.38,22894008.315
"robust_protection_migration_off+migrLevel_010_0+migrcost_3_0+plf_1_0+dikecost_1_0+high__end+SSP1+DR04_5","GLOBAL_000","GLOBAL feature generated automatically",2100,691016.700090527,180961.168271535,"SSP1","Table protection levels","Discount rate 4.5","H++","Usual seadike cost","No migration","Migrationcost 3.0","Migrationlevel  10.0",0,0,277725.96565,349680.6395,7090826.5,0,17456289.755,14775526.42,0,0,0,0,0,0,265339.67331,211129.376,318741.7345,378960.79526,52974.1365,1086966.804,0,0,0,11719906.6412,3718742.8175,33786292.325,16362853.1664,12431013.38,22894008.315
"robust_protection_migration_off+migrLevel_010_0+migrcost_3_0+plf_1_0+dikecost_1_0+high__end+SSP1+DR06_0","GLOBAL_000","GLOBAL feature generated automatically",2100,691016.700090527,168011.440697395,"SSP1","Table protection levels","Discount rate 6.0","H++","Usual seadike cost","No migration","Migrationcost 3.0","Migrationlevel  10.0",0,0,304779.894,510462.9515,7090826.5,0,25498650.3175,13626088.36,0,0,0,0,0,0,265339.67331,211129.376,318741.7345,378960.79526,52974.1365,1086966.804,0,0,0,11719906.6412,3718742.8175,33786292.325,16362853.1664,12431013.38,22894008.315
"robust_protection_migration_off+migrLevel_010_0+migrcost_3_0+plf_1_0+dikecost_1_0+high__end+SSP2+DR00_0","GLOBAL_000","GLOBAL feature generated automatically",2100,691016.700090527,231964.696332135,"SSP2","Table protection levels","Discount rate 0.0","H++","Usual seadike cost","No migration","Migrationcost 3.0","Migrationlevel  10.0",0,0,225527.8567,100075.7765,9225808,0,3796013.5445,20096968.39,0,0,0,0,0,0,265339.67331,211129.376,318741.7345,378960.79526,52974.1365,1086966.804,0,0,0,11719906.6412,3718742.8175,33786292.325,16362853.1664,12431013.38,22894008.315
"robust_protection_migration_off+migrLevel_010_0+migrcost_3_0+plf_1_0+dikecost_1_0+high__end+SSP2+DR01_5","GLOBAL_000","GLOBAL feature generated automatically",2100,691016.700090527,215481.644318142,"SSP2","Table protection levels","Discount rate 1.5","H++","Usual seadike cost","No migration","Migrationcost 3.0","Migrationlevel  10.0",0,0,237437.79135,174826.36065,9225808,0,5931706.627,18148628.255,0,0,0,0,0,0,265339.67331,211129.376,318741.7345,378960.79526,52974.1365,1086966.804,0,0,0,11719906.6412,3718742.8175,33786292.325,16362853.1664,12431013.38,22894008.315
"robust_protection_migration_off+migrLevel_010_0+migrcost_3_0+plf_1_0+dikecost_1_0+high__end+SSP2+DR03_0","GLOBAL_000","GLOBAL feature generated automatically",2100,691016.700090527,192044.118724921,"SSP2","Table protection levels","Discount rate 3.0","H++","Usual seadike cost","No migration","Migrationcost 3.0","Migrationlevel  10.0",0,0,265740.9702,301429.623,9225808,0,10514126.112,15869211.475,0,0,0,0,0,0,265339.67331,211129.376,318741.7345,378960.79526,52974.1365,1086966.804,0,0,0,11719906.6412,3718742.8175,33786292.325,16362853.1664,12431013.38,22894008.315
"robust_protection_migration_off+migrLevel_010_0+migrcost_3_0+plf_1_0+dikecost_1_0+high__end+SSP2+DR04_5","GLOBAL_000","GLOBAL feature generated automatically",2100,691016.700090527,175707.5115323,"SSP2","Table protection levels","Discount rate 4.5","H++","Usual seadike cost","No migration","Migrationcost 3.0","Migrationlevel  10.0",0,0,282240.4195,458749.4795,9225808,0,16202849.555,14323926.395,0,0,0,0,0,0,265339.67331,211129.376,318741.7345,378960.79526,52974.1365,1086966.804,0,0,0,11719906.6412,3718742.8175,33786292.325,16362853.1664,12431013.38,22894008.315
"robust_protection_migration_off+migrLevel_010_0+migrcost_3_0+plf_1_0+dikecost_1_0+high__end+SSP2+DR06_0","GLOBAL_000","GLOBAL feature generated automatically",2100,691016.700090527,163844.73241254,"SSP2","Table protection levels","Discount rate 6.0","H++","Usual seadike cost","No migration","Migrationcost 3.0","Migrationlevel  10.0",0,0,308300.71375,679065.639,9225808,0,23657351.085,13241787.53,0,0,0,0,0,0,265339.67331,211129.376,318741.7345,378960.79526,52974.1365,1086966.804,0,0,0,11719906.6412,3718742.8175,33786292.325,16362853.1664,12431013.38,22894008.315
"robust_protection_migration_off+migrLevel_010_0+migrcost_3_0+plf_1_0+dikecost_1_0+high__end+SSP3+DR00_0","GLOBAL_000","GLOBAL feature generated automatically",2100,691016.700090527,207735.928477773,"SSP3","Table protection levels","Discount rate 0.0","H++","Usual seadike cost","No migration","Migrationcost 3.0","Migrationlevel  10.0",0,0,240042.3635,244404.6976,12808897,0,3740527.6125,17605913.465,0,0,0,0,0,0,265339.67331,211129.376,318741.7345,378960.79526,52974.1365,1086966.804,0,0,0,11719906.6412,3718742.8175,33786292.325,16362853.1664,12431013.38,22894008.315
"robust_protection_migration_off+migrLevel_010_0+migrcost_3_0+plf_1_0+dikecost_1_0+high__end+SSP3+DR01_5","GLOBAL_000","GLOBAL feature generated automatically",2100,691016.700090527,190209.227869966,"SSP3","Table protection levels","Discount rate 1.5","H++","Usual seadike cost","No migration","Migrationcost 3.0","Migrationlevel  10.0",0,0,263208.6593,364956.56615,12808897,0,5669824.1815,15789697.24,0,0,0,0,0,0,265339.67331,211129.376,318741.7345,378960.79526,52974.1365,1086966.804,0,0,0,11719906.6412,3718742.8175,33786292.325,16362853.1664,12431013.38,22894008.315
"robust_protection_migration_off+migrLevel_010_0+migrcost_3_0+plf_1_0+dikecost_1_0+high__end+SSP3+DR03_0","GLOBAL_000","GLOBAL feature generated automatically",2100,691016.700090527,175101.537471586,"SSP3","Table protection levels","Discount rate 3.0","H++","Usual seadike cost","No migration","Migrationcost 3.0","Migrationlevel  10.0",0,0,278387.64385,529847.4635,12808897,0,8061498.4,14420731.025,0,0,0,0,0,0,265339.67331,211129.376,318741.7345,378960.79526,52974.1365,1086966.804,0,0,0,11719906.6412,3718742.8175,33786292.325,16362853.1664,12431013.38,22894008.315
"robust_protection_migration_off+migrLevel_010_0+migrcost_3_0+plf_1_0+dikecost_1_0+high__end+SSP3+DR04_5","GLOBAL_000","GLOBAL feature generated automatically",2100,691016.700090527,160702.823621237,"SSP3","Table protection levels","Discount rate 4.5","H++","Usual seadike cost","No migration","Migrationcost 3.0","Migrationlevel  10.0",0,0,301864.61065,761313.6175,12808897,0,11732980.965,13201420.71,0,0,0,0,0,0,265339.67331,211129.376,318741.7345,378960.79526,52974.1365,1086966.804,0,0,0,11719906.6412,3718742.8175,33786292.325,16362853.1664,12431013.38,22894008.315
"robust_protection_migration_off+migrLevel_010_0+migrcost_3_0+plf_1_0+dikecost_1_0+high__end+SSP3+DR06_0","GLOBAL_000","GLOBAL feature generated automatically",2100,691016.700090527,152992.291881659,"SSP3","Table protection levels","Discount rate 6.0","H++","Usual seadike cost","No migration","Migrationcost 3.0","Migrationlevel  10.0",0,0,318741.7345,1086966.804,12808897,0,16110223.24,12431013.38,0,0,0,0,0,0,265339.67331,211129.376,318741.7345,378960.79526,52974.1365,1086966.804,0,0,0,11719906.6412,3718742.8175,33786292.325,16362853.1664,12431013.38,22894008.315
"robust_protection_migration_off+migrLevel_010_0+migrcost_3_0+plf_1_0+dikecost_1_0+high__end+SSP4+DR00_0","GLOBAL_000","GLOBAL feature generated automatically",2100,691016.700090527,218473.633342781,"SSP4","Table protection levels","Discount rate 0.0","H++","Usual seadike cost","No migration","Migrationcost 3.0","Migrationlevel  10.0",0,0,240145.9297,240924.051,9472056,0,3718742.8175,18271632.825,0,0,0,0,0,0,265339.67331,211129.376,318741.7345,378960.79526,52974.1365,1086966.804,0,0,0,11719906.6412,3718742.8175,33786292.325,16362853.1664,12431013.38,22894008.315
"robust_protection_migration_off+migrLevel_010_0+migrcost_3_0+plf_1_0+dikecost_1_0+high__end+SSP4+DR01_5","GLOBAL_000","GLOBAL feature generated automatically",2100,691016.700090527,204765.265250617,"SSP4","Table protection levels","Discount rate 1.5","H++","Usual seadike cost","No migration","Migrationcost 3.0","Migrationlevel  10.0",0,0,254256.2082,318402.0142,9472056,0,5310977.1275,16818888.06,0,0,0,0,0,0,265339.67331,211129.376,318741.7345,378960.79526,52974.1365,1086966.804,0,0,0,11719906.6412,3718742.8175,33786292.325,16362853.1664,12431013.38,22894008.315
"robust_protection_migration_off+migrLevel_010_0+migrcost_3_0+plf_1_0+dikecost_1_0+high__end+SSP4+DR03_0","GLOBAL_000","GLOBAL feature generated automatically",2100,691016.700090527,184390.936287337,"SSP4","Table protection levels","Discount rate 3.0","H++","Usual seadike cost","No migration","Migrationcost 3.0","Migrationlevel  10.0",0,0,277954.09775,467337.0865,9472056,0,8547853.47,15055131.5,0,0,0,0,0,0,265339.67331,211129.376,318741.7345,378960.79526,52974.1365,1086966.804,0,0,0,11719906.6412,3718742.8175,33786292.325,16362853.1664,12431013.38,22894008.315
"robust_protection_migration_off+migrLevel_010_0+migrcost_3_0+plf_1_0+dikecost_1_0+high__end+SSP4+DR04_5","GLOBAL_000","GLOBAL feature generated automatically",2100,691016.700090527,170256.963599795,"SSP4","Table protection levels","Discount rate 4.5","H++","Usual seadike cost","No migration","Migrationcost 3.0","Migrationlevel  10.0",0,0,291807.7083,629716.3935,9472056,0,12412451.26,13858025.615,0,0,0,0,0,0,265339.67331,211129.376,318741.7345,378960.79526,52974.1365,1086966.804,0,0,0,11719906.6412,3718742.8175,33786292.325,16362853.1664,12431013.38,22894008.315
"robust_protection_migration_off+migrLevel_010_0+migrcost_3_0+plf_1_0+dikecost_1_0+high__end+SSP4+DR06_0","GLOBAL_000","GLOBAL feature generated automatically",2100,691016.700090527,160791.752543055,"SSP4","Table protection levels","Discount rate 6.0","H++","Usual seadike cost","No migration","Migrationcost 3.0","Migrationlevel  10.0",0,0,313751.0455,868983.25,9472056,0,17465608.21,13019571.3,0,0,0,0,0,0,265339.67331,211129.376,318741.7345,378960.79526,52974.1365,1086966.804,0,0,0,11719906.6412,3718742.8175,33786292.325,16362853.1664,12431013.38,22894008.315
"robust_protection_migration_off+migrLevel_010_0+migrcost_3_0+plf_1_0+dikecost_1_0+high__end+SSP5+DR00_0","GLOBAL_000","GLOBAL feature generated automatically",2100,691016.700090527,257291.610947468,"SSP5","Table protection levels","Discount rate 0.0","H++","Usual seadike cost","No migration","Migrationcost 3.0","Migrationlevel  10.0",0,0,211129.376,52974.1365,7660461.5,0,3982775.1,22894008.315,0,0,0,0,0,0,265339.67331,211129.376,318741.7345,378960.79526,52974.1365,1086966.804,0,0,0,11719906.6412,3718742.8175,33786292.325,16362853.1664,12431013.38,22894008.315
"robust_protection_migration_off+migrLevel_010_0+migrcost_3_0+plf_1_0+dikecost_1_0+high__end+SSP5+DR01_5","GLOBAL_000","GLOBAL feature generated automatically",2100,691016.700090527,237275.947077938,"SSP5","Table protection levels","Discount rate 1.5","H++","Usual seadike cost","No migration","Migrationcost 3.0","Migrationlevel  10.0",0,0,225137.8423,84921.901,7660461.5,0,6680964.6135,20487373.04,0,0,0,0,0,0,265339.67331,211129.376,318741.7345,378960.79526,52974.1365,1086966.804,0,0,0,11719906.6412,3718742.8175,33786292.325,16362853.1664,12431013.38,22894008.315
"robust_protection_migration_off+migrLevel_010_0+migrcost_3_0+plf_1_0+dikecost_1_0+high__end+SSP5+DR03_0","GLOBAL_000","GLOBAL feature generated automatically",2100,691016.700090527,217934.625062593,"SSP5","Table protection levels","Discount rate 3.0","H++","Usual seadike cost","No migration","Migrationcost 3.0","Migrationlevel  10.0",0,0,241903.7495,156055.62165,7660461.5,0,11744803.161,18211058.98,0,0,0,0,0,0,265339.67331,211129.376,318741.7345,378960.79526,52974.1365,1086966.804,0,0,0,11719906.6412,3718742.8175,33786292.325,16362853.1664,12431013.38,22894008.315
"robust_protection_migration_off+migrLevel_010_0+migrcost_3_0+plf_1_0+dikecost_1_0+high__end+SSP5+DR04_5","GLOBAL_000","GLOBAL feature generated automatically",2100,691016.700090527,195856.272151017,"SSP5","Table protection levels","Discount rate 4.5","H++","Usual seadike cost","No migration","Migrationcost 3.0","Migrationlevel  10.0",0,0,267780.5343,269071.92535,7660461.5,0,21073764.1735,16127671.78,0,0,0,0,0,0,265339.67331,211129.376,318741.7345,378960.79526,52974.1365,1086966.804,0,0,0,11719906.6412,3718742.8175,33786292.325,16362853.1664,12431013.38,22894008.315
"robust_protection_migration_off+migrLevel_010_0+migrcost_3_0+plf_1_0+dikecost_1_0+high__end+SSP5+DR06_0","GLOBAL_000","GLOBAL feature generated automatically",2100,691016.700090527,179983.800636851,"SSP5","Table protection levels","Discount rate 6.0","H++","Usual seadike cost","No migration","Migrationcost 3.0","Migrationlevel  10.0",0,0,287545.31445,425345.606,7660461.5,0,33786292.325,14546760.3,0,0,0,0,0,0,265339.67331,211129.376,318741.7345,378960.79526,52974.1365,1086966.804,0,0,0,11719906.6412,3718742.8175,33786292.325,16362853.1664,12431013.38,22894008.315
